"PaymentId","TransactionId","PaymentType","PaymentFrom","PaymentTo","PaymentAmount","Kid/Message","Date"
"1530000001","1030000001","2","12081117651","14081111153","260","7334846654812589","2016-01-11,15:06"
"1530000002","1030000002","2","12081117463","14081111154","1030","7449835971913816","2016-01-12,15:46"
"1530000003","1030000003","2","12081114577","14081111155","1360","6231681308979669","2016-01-14,08:20"
"1530000004","1030000004","2","12081123566","14081111153","830","7820111345919755","2016-01-15,08:21"
"1530000005","1030000005","2","12081114456","14081111155","1080","4466821273158830","2016-01-20,10:38"
"1530000006","1030000006","2","12081115756","14081111154","750","5330777511856534","2016-01-15,12:32"
"1530000007","1030000007","2","12081111565","14081111153","1180","4552773583601063","2016-01-15,09:57"
"1530000008","1030000008","2","12081112931","14081111155","1320","7015500440693229","2016-01-11,08:45"
"1530000009","1030000009","2","12081115841","14081111153","340","4749918313700690","2016-01-11,11:39"
"1530000010","1030000010","2","12081118715","14081111153","1210","7654985781203214","2016-01-16,16:54"
"1530000011","1030000011","2","12081115773","14081111154","1200","6767999224546944","2016-01-15,11:14"
"1530000012","1030000012","2","12081123865","14081111154","620","7575517945819409","2016-01-14,14:15"
"1530000013","1030000013","2","12081113379","14081111154","1150","6203072864693554","2016-01-14,08:58"
"1530000014","1030000014","2","12081111616","14081111153","590","4343380958561454","2016-01-15,11:44"
"1530000015","1030000015","2","12081118542","14081111153","1060","5040040333358196","2016-01-11,12:55"
"1530000016","1030000016","2","12081113541","14081111155","1430","7526318879755443","2016-01-17,15:47"
"1530000017","1030000017","2","12081113553","14081111155","180","6805896493920367","2016-01-16,10:51"
"1530000018","1030000018","2","12081122478","14081111153","220","7683529765120358","2016-01-12,11:10"
"1530000019","1030000019","2","12081113897","14081111155","1080","7078802592816454","2016-01-15,16:17"
"1530000020","1030000020","2","12081117952","14081111154","1030","5999322570941562","2016-01-18,16:10"
"1530000021","1030000021","2","12081113457","14081111155","340","7037011881178077","2016-01-11,13:35"
"1530000022","1030000022","2","12081111436","14081111156","1050","7937308421824222","2016-01-15,10:50"
"1530000023","1030000023","2","12081113466","14081111157","810","7250409652628770","2016-01-12,14:23"
"1530000024","1030000024","2","12081112471","14081111154","930","4750919126560375","2016-01-18,15:58"
"1530000025","1030000025","2","12081122992","14081111153","1370","6980321505943497","2016-01-20,10:01"
"1530000026","1030000026","2","12081121823","14081111157","1350","4418486913259002","2016-01-12,14:22"
"1530000027","1030000027","2","12081121526","14081111155","1230","7303837464257605","2016-01-13,08:12"
"1530000028","1030000028","2","12081113354","14081111156","1160","7021727300911014","2016-01-14,10:15"
"1530000029","1030000029","2","12081123747","14081111155","240","4157702329626548","2016-01-12,10:56"
"1530000030","1030000030","2","12081124318","14081111157","820","6141710429980172","2016-01-16,13:47"
"1530000031","1030000031","2","12081113581","14081111157","1130","5558191812283497","2016-01-14,13:23"
"1530000032","1030000032","2","12081111151","14081111157","1160","5158538946190491","2016-01-12,11:45"
"1530000033","1030000033","2","12081119936","14081111154","790","7262528162900721","2016-01-19,14:43"
"1530000034","1030000034","2","12081121739","14081111156","1150","4131288417114109","2016-01-20,09:10"
"1530000035","1030000035","2","12081112712","14081111155","880","5871174820653834","2016-01-13,08:16"
"1530000036","1030000036","2","12081112947","14081111153","1190","5002663573328435","2016-01-13,10:53"
"1530000037","1030000037","2","12081113428","14081111156","260","4048460349994758","2016-01-17,15:16"
"1530000038","1030000038","2","12081115656","14081111155","550","7117182686780794","2016-01-16,08:34"
"1530000039","1030000039","2","12081124178","14081111156","1300","5248315746705539","2016-01-16,11:59"
"1530000040","1030000040","2","12081117922","14081111154","1430","4770550831528866","2016-01-12,10:19"
"1530000041","1030000041","2","12081118474","14081111154","200","5419404028417394","2016-01-16,08:49"
"1530000042","1030000042","2","12081121294","14081111154","360","7921915746591004","2016-01-20,14:08"
"1530000043","1030000043","2","12081112846","14081111155","610","7486063060509995","2016-01-20,16:04"
"1530000044","1030000044","2","12081121149","14081111155","630","6248831984192372","2016-01-16,16:30"
"1530000045","1030000045","2","12081122876","14081111154","640","7418632019281858","2016-01-17,10:53"
"1530000046","1030000046","2","12081111648","14081111155","1480","4877539752508450","2016-01-15,15:29"
"1530000047","1030000047","2","12081112487","14081111157","230","6934173427882533","2016-01-13,13:13"
"1530000048","1030000048","2","12081113674","14081111154","710","5710241342988541","2016-01-16,14:21"
"1530000049","1030000049","2","12081123444","14081111155","1190","5611706444449264","2016-01-20,10:06"
"1530000050","1030000050","2","12081112749","14081111154","1410","4762077638832073","2016-01-12,12:34"
"1530000051","1030000051","2","12081123292","14081111154","1450","6965268720880076","2016-01-16,13:07"
"1530000052","1030000052","2","12081116884","14081111154","1040","7823429558391530","2016-01-17,11:52"
"1530000053","1030000053","2","12081123184","14081111155","960","6913157866969802","2016-01-15,11:14"
"1530000054","1030000054","2","12081118551","14081111156","1170","6600737430849606","2016-01-19,16:34"
"1530000055","1030000055","2","12081118846","14081111155","590","7933414053928469","2016-01-12,16:07"
"1530000056","1030000056","2","12081118571","14081111157","1080","7189786351233637","2016-01-16,14:18"
"1530000057","1030000057","2","12081118676","14081111155","1440","6073261951181507","2016-01-18,12:27"
"1530000058","1030000058","2","12081118657","14081111154","1440","6476110804586888","2016-01-12,16:29"
"1500000001","1000000001","1","50000000013","12081111111","28000","Salary from SpareBank 1","2016-01-28,16:56"
"1500000002","1000000002","1","50000000010","12081111112","55000","Salary from Norsk Hydro","2016-01-24,11:37"
"1500000003","1000000003","1","50000000018","12081111113","59000","Salary from Vinmonopolet","2016-01-27,15:39"
"1500000004","1000000004","1","50000000018","12081111114","33000","Salary from Vinmonopolet","2016-01-25,10:52"
"1500000005","1000000005","1","50000000010","12081111115","37000","Salary from Norsk Hydro","2016-01-27,16:47"
"1500000006","1000000006","1","50000000014","12081111116","28000","Salary from Statkraft","2016-01-28,08:41"
"1500000007","1000000007","1","50000000006","12081111117","32000","Salary from Elkjøp","2016-01-27,14:37"
"1500000008","1000000008","1","50000000008","12081111118","39000","Salary from Hafslund","2016-01-28,10:30"
"1500000009","1000000009","1","50000000013","12081111119","35000","Salary from SpareBank 1","2016-01-25,15:49"
"1500000010","1000000010","1","50000000006","12081111122","53000","Salary from Elkjøp","2016-01-25,08:52"
"1500000011","1000000011","1","50000000006","12081111124","30000","Salary from Elkjøp","2016-01-28,09:08"
"1500000012","1000000012","1","50000000005","12081111125","41000","Salary from DNV GL","2016-01-24,15:18"
"1500000013","1000000013","1","50000000016","12081111126","33000","Salary from Telenor","2016-01-28,09:06"
"1500000014","1000000014","1","50000000013","12081111127","49000","Salary from SpareBank 1","2016-01-24,13:17"
"1500000015","1000000015","1","50000000001","12081111128","54000","Salary from DNB ASA ","2016-01-28,16:47"
"1500000016","1000000016","1","50000000003","12081111129","37000","Salary from Aker Solutions","2016-01-28,08:22"
"1500000017","1000000017","1","50000000003","12081111131","33000","Salary from Aker Solutions","2016-01-26,14:53"
"1500000018","1000000018","1","50000000007","12081111132","26000","Salary from Ferd","2016-01-28,09:00"
"1500000019","1000000019","1","50000000006","12081111133","35000","Salary from Elkjøp","2016-01-28,16:37"
"1500000020","1000000020","1","50000000018","12081111134","52000","Salary from Vinmonopolet","2016-01-28,14:33"
"1500000021","1000000021","1","50000000006","12081111135","57000","Salary from Elkjøp","2016-01-28,10:38"
"1500000022","1000000022","1","50000000006","12081111136","45000","Salary from Elkjøp","2016-01-28,08:01"
"1500000023","1000000023","1","50000000003","12081111137","32000","Salary from Aker Solutions","2016-01-28,15:41"
"1500000024","1000000024","1","50000000004","12081111138","50000","Salary from Coop Norge","2016-01-25,08:30"
"1500000025","1000000025","1","50000000011","12081111139","32000","Salary from Nortura","2016-01-26,09:34"
"1500000026","1000000026","1","50000000017","12081111141","46000","Salary from Tine","2016-01-28,12:06"
"1500000027","1000000027","1","50000000001","12081111142","26000","Salary from DNB ASA ","2016-01-24,15:02"
"1500000028","1000000028","1","50000000006","12081111143","60000","Salary from Elkjøp","2016-01-26,08:15"
"1500000029","1000000029","1","50000000006","12081111144","49000","Salary from Elkjøp","2016-01-27,14:59"
"1500000030","1000000030","1","50000000012","12081111145","31000","Salary from Posten Norge","2016-01-27,09:59"
"1500000031","1000000031","1","50000000001","12081111146","46000","Salary from DNB ASA ","2016-01-27,12:35"
"1500000032","1000000032","1","50000000002","12081111147","49000","Salary from Aker ASA","2016-01-27,11:18"
"1500000033","1000000033","1","50000000010","12081111148","56000","Salary from Norsk Hydro","2016-01-24,12:47"
"1500000034","1000000034","1","50000000002","12081111149","32000","Salary from Aker ASA","2016-01-26,09:34"
"1500000035","1000000035","1","50000000007","12081111151","34000","Salary from Ferd","2016-01-25,09:57"
"1500000036","1000000036","1","50000000011","12081111152","57000","Salary from Nortura","2016-01-24,16:33"
"1500000037","1000000037","1","50000000007","12081111153","55000","Salary from Ferd","2016-01-26,13:41"
"1500000038","1000000038","1","50000000011","12081111154","42000","Salary from Nortura","2016-01-24,09:13"
"1500000039","1000000039","1","50000000003","12081111155","45000","Salary from Aker Solutions","2016-01-25,13:21"
"1500000040","1000000040","1","50000000009","12081111156","54000","Salary from Kongsberg Gruppen","2016-01-25,14:06"
"1500000041","1000000041","1","50000000006","12081111157","42000","Salary from Elkjøp","2016-01-25,11:49"
"1500000042","1000000042","1","50000000005","12081111158","48000","Salary from DNV GL","2016-01-28,15:56"
"1500000043","1000000043","1","50000000011","12081111159","53000","Salary from Nortura","2016-01-24,12:49"
"1500000044","1000000044","1","50000000010","12081111161","47000","Salary from Norsk Hydro","2016-01-28,15:13"
"1500000045","1000000045","1","50000000001","12081111162","43000","Salary from DNB ASA ","2016-01-25,11:05"
"1500000046","1000000046","1","50000000018","12081111163","34000","Salary from Vinmonopolet","2016-01-26,13:52"
"1500000047","1000000047","1","50000000010","12081111164","52000","Salary from Norsk Hydro","2016-01-28,08:00"
"1500000048","1000000048","1","50000000012","12081111165","51000","Salary from Posten Norge","2016-01-24,09:08"
"1500000049","1000000049","1","50000000012","12081111166","45000","Salary from Posten Norge","2016-01-24,15:19"
"1500000050","1000000050","1","50000000005","12081111167","42000","Salary from DNV GL","2016-01-28,10:51"
"1500000051","1000000051","1","50000000007","12081111168","54000","Salary from Ferd","2016-01-27,10:39"
"1500000052","1000000052","1","50000000006","12081111169","27000","Salary from Elkjøp","2016-01-27,09:41"
"1500000053","1000000053","1","50000000008","12081111171","39000","Salary from Hafslund","2016-01-24,10:37"
"1500000054","1000000054","1","50000000010","12081111172","58000","Salary from Norsk Hydro","2016-01-28,16:29"
"1500000055","1000000055","1","50000000005","12081111173","53000","Salary from DNV GL","2016-01-27,16:31"
"1500000056","1000000056","1","50000000012","12081111174","44000","Salary from Posten Norge","2016-01-27,12:35"
"1500000057","1000000057","1","50000000003","12081111175","43000","Salary from Aker Solutions","2016-01-26,10:13"
"1500000058","1000000058","1","50000000002","12081111176","56000","Salary from Aker ASA","2016-01-24,09:11"
"1500000059","1000000059","1","50000000011","12081111177","28000","Salary from Nortura","2016-01-28,13:30"
"1500000060","1000000060","1","50000000012","12081111178","44000","Salary from Posten Norge","2016-01-25,09:12"
"1500000061","1000000061","1","50000000003","12081111179","56000","Salary from Aker Solutions","2016-01-25,10:11"
"1500000062","1000000062","1","50000000012","12081111181","35000","Salary from Posten Norge","2016-01-28,09:25"
"1500000063","1000000063","1","50000000008","12081111183","56000","Salary from Hafslund","2016-01-27,13:25"
"1500000064","1000000064","1","50000000006","12081111184","31000","Salary from Elkjøp","2016-01-26,16:34"
"1500000065","1000000065","1","50000000004","12081111185","44000","Salary from Coop Norge","2016-01-28,14:43"
"1500000066","1000000066","1","50000000017","12081111186","52000","Salary from Tine","2016-01-28,08:55"
"1500000067","1000000067","1","50000000010","12081111187","39000","Salary from Norsk Hydro","2016-01-27,11:35"
"1500000068","1000000068","1","50000000009","12081111188","59000","Salary from Kongsberg Gruppen","2016-01-25,12:49"
"1500000069","1000000069","1","50000000014","12081111189","29000","Salary from Statkraft","2016-01-26,15:29"
"1500000070","1000000070","1","50000000013","12081111191","48000","Salary from SpareBank 1","2016-01-28,11:35"
"1500000071","1000000071","1","50000000014","12081111192","38000","Salary from Statkraft","2016-01-27,11:07"
"1500000072","1000000072","1","50000000012","12081111193","28000","Salary from Posten Norge","2016-01-27,14:42"
"1500000073","1000000073","1","50000000014","12081111194","34000","Salary from Statkraft","2016-01-27,12:09"
"1500000074","1000000074","1","50000000001","12081111195","42000","Salary from DNB ASA ","2016-01-28,12:57"
"1500000075","1000000075","1","50000000014","12081111196","32000","Salary from Statkraft","2016-01-26,10:23"
"1500000076","1000000076","1","50000000011","12081111197","36000","Salary from Nortura","2016-01-24,09:09"
"1500000077","1000000077","1","50000000004","12081111198","44000","Salary from Coop Norge","2016-01-26,16:23"
"1500000078","1000000078","1","50000000001","12081111199","39000","Salary from DNB ASA ","2016-01-26,08:36"
"1500000079","1000000079","1","50000000016","12081111211","49000","Salary from Telenor","2016-01-27,11:10"
"1500000080","1000000080","1","50000000018","12081111212","45000","Salary from Vinmonopolet","2016-01-27,16:26"
"1500000081","1000000081","1","50000000013","12081111213","48000","Salary from SpareBank 1","2016-01-27,12:38"
"1500000082","1000000082","1","50000000006","12081111214","33000","Salary from Elkjøp","2016-01-25,15:30"
"1500000083","1000000083","1","50000000007","12081111215","37000","Salary from Ferd","2016-01-25,10:40"
"1500000084","1000000084","1","50000000006","12081111216","40000","Salary from Elkjøp","2016-01-24,15:59"
"1500000085","1000000085","1","50000000018","12081111217","60000","Salary from Vinmonopolet","2016-01-27,15:42"
"1500000086","1000000086","1","50000000015","12081111218","47000","Salary from Statoil","2016-01-25,12:16"
"1500000087","1000000087","1","50000000004","12081111219","42000","Salary from Coop Norge","2016-01-25,16:06"
"1500000088","1000000088","1","50000000013","12081111221","60000","Salary from SpareBank 1","2016-01-26,14:03"
"1500000089","1000000089","1","50000000015","12081111222","29000","Salary from Statoil","2016-01-24,10:36"
"1500000090","1000000090","1","50000000009","12081111223","56000","Salary from Kongsberg Gruppen","2016-01-27,15:53"
"1500000091","1000000091","1","50000000010","12081111224","26000","Salary from Norsk Hydro","2016-01-27,16:03"
"1500000092","1000000092","1","50000000015","12081111225","49000","Salary from Statoil","2016-01-27,13:41"
"1500000093","1000000093","1","50000000017","12081111226","52000","Salary from Tine","2016-01-26,11:34"
"1500000094","1000000094","1","50000000009","12081111227","42000","Salary from Kongsberg Gruppen","2016-01-27,16:12"
"1500000095","1000000095","1","50000000001","12081111228","30000","Salary from DNB ASA ","2016-01-26,12:20"
"1500000096","1000000096","1","50000000011","12081111229","40000","Salary from Nortura","2016-01-26,13:22"
"1500000097","1000000097","1","50000000009","12081111231","59000","Salary from Kongsberg Gruppen","2016-01-25,13:47"
"1500000098","1000000098","1","50000000008","12081111232","45000","Salary from Hafslund","2016-01-25,09:54"
"1500000099","1000000099","1","50000000019","12081111233","30000","Salary from Yara International","2016-01-24,13:11"
"1500000100","1000000100","1","50000000006","12081111234","30000","Salary from Elkjøp","2016-01-28,14:31"
"1500000101","1000000101","1","50000000003","12081111235","41000","Salary from Aker Solutions","2016-01-24,08:48"
"1500000102","1000000102","1","50000000011","12081111236","48000","Salary from Nortura","2016-01-24,11:25"
"1500000103","1000000103","1","50000000008","12081111237","42000","Salary from Hafslund","2016-01-26,12:32"
"1500000104","1000000104","1","50000000001","12081111238","26000","Salary from DNB ASA ","2016-01-24,15:20"
"1500000105","1000000105","1","50000000011","12081111241","29000","Salary from Nortura","2016-01-24,14:53"
"1500000106","1000000106","1","50000000019","12081111243","60000","Salary from Yara International","2016-01-26,09:05"
"1500000107","1000000107","1","50000000018","12081111244","41000","Salary from Vinmonopolet","2016-01-28,10:37"
"1500000108","1000000108","1","50000000015","12081111245","28000","Salary from Statoil","2016-01-24,09:06"
"1500000109","1000000109","1","50000000018","12081111246","33000","Salary from Vinmonopolet","2016-01-25,14:00"
"1500000110","1000000110","1","50000000018","12081111247","30000","Salary from Vinmonopolet","2016-01-24,08:42"
"1520000001","1020000001","1","12081119314","12081121994","8100","Rent Payment","2016-01-03,10:25"
"1520000002","1020000002","1","12081119344","12081122536","10600","Rent Payment","2016-01-02,11:36"
"1520000003","1020000003","1","12081119433","12081115425","8000","Rent Payment","2016-01-04,12:09"
"1520000004","1020000004","1","12081119463","12081124553","11800","Rent Payment","2016-01-05,12:34"
"1520000005","1020000005","1","12081119552","12081116288","9500","Rent Payment","2016-01-03,09:33"
"1520000006","1020000006","1","12081119582","12081114115","13400","Rent Payment","2016-01-02,12:02"
"1520000007","1020000007","1","12081119671","12081123892","8200","Rent Payment","2016-01-04,11:14"
"1520000008","1020000008","1","12081119711","12081114767","10200","Rent Payment","2016-01-01,13:15"
"1520000009","1020000009","1","12081119789","12081117975","7600","Rent Payment","2016-01-03,10:23"
"1520000010","1020000010","1","12081119829","12081111585","10000","Rent Payment","2016-01-01,11:32"
"1520000011","1020000011","1","12081119918","12081124219","8900","Rent Payment","2016-01-01,12:02"
"1520000012","1020000012","1","12081119948","12081111227","12200","Rent Payment","2016-01-02,12:18"
"1520000013","1020000013","1","12081121137","12081113773","8700","Rent Payment","2016-01-03,13:55"
"1520000014","1020000014","1","12081121167","12081114318","10500","Rent Payment","2016-01-08,13:05"
"1520000015","1020000015","1","12081121256","12081112721","9100","Rent Payment","2016-01-05,12:29"
"1520000016","1020000016","1","12081121286","12081115948","12500","Rent Payment","2016-01-06,10:04"
"1520000017","1020000017","1","12081121375","12081121842","13900","Rent Payment","2016-01-08,08:19"
"1520000018","1020000018","1","12081121415","12081113997","11900","Rent Payment","2016-01-04,08:28"
"1520000019","1020000019","1","12081121494","12081111193","11000","Rent Payment","2016-01-08,10:33"
"1520000020","1020000020","1","12081121534","12081121575","8400","Rent Payment","2016-01-04,11:10"
"1520000021","1020000021","1","12081121623","12081113933","11600","Rent Payment","2016-01-05,11:47"
"1520000022","1020000022","1","12081121653","12081122983","7900","Rent Payment","2016-01-09,09:07"
"1520000023","1020000023","1","12081121742","12081121672","7500","Rent Payment","2016-01-10,09:38"
"1520000024","1020000024","1","12081121772","12081114539","9700","Rent Payment","2016-01-08,08:53"
"1520000025","1020000025","1","12081121861","12081113149","9300","Rent Payment","2016-01-09,10:15"
"1520000026","1020000026","1","12081121891","12081118147","9200","Rent Payment","2016-01-04,13:20"
"1520000027","1020000027","1","12081121979","12081116214","11500","Rent Payment","2016-01-10,10:19"
"1520000028","1020000028","1","12081122119","12081122974","11800","Rent Payment","2016-01-02,13:30"
"1520000029","1020000029","1","12081122198","12081112174","9200","Rent Payment","2016-01-04,08:06"
"1520000030","1020000030","1","12081122238","12081124298","10500","Rent Payment","2016-01-01,08:12"
"1520000031","1020000031","1","12081122327","12081124561","7300","Rent Payment","2016-01-02,13:10"
"1520000032","1020000032","1","12081122357","12081116862","12300","Rent Payment","2016-01-09,10:27"
"1520000033","1020000033","1","12081122446","12081117366","11800","Rent Payment","2016-01-05,08:19"
"1520000034","1020000034","1","12081122476","12081121694","12300","Rent Payment","2016-01-10,12:34"
"1520000035","1020000035","1","12081122565","12081117513","11800","Rent Payment","2016-01-03,10:56"
"1520000036","1020000036","1","12081122568","12081119388","7400","Rent Payment","2016-01-08,11:03"
"1520000037","1020000037","1","12081122595","12081113528","11200","Rent Payment","2016-01-02,11:04"
"1520000038","1020000038","1","12081122684","12081118441","11300","Rent Payment","2016-01-05,10:42"
"1520000039","1020000039","1","12081122724","12081113715","7700","Rent Payment","2016-01-08,12:07"
"1520000040","1020000040","1","12081122813","12081117132","13700","Rent Payment","2016-01-03,12:43"
"1520000041","1020000041","1","12081122843","12081112658","12500","Rent Payment","2016-01-09,12:03"
"1520000042","1020000042","1","12081122932","12081121573","9000","Rent Payment","2016-01-04,08:47"
"1520000043","1020000043","1","12081122962","12081111683","9000","Rent Payment","2016-01-02,09:46"
"1520000044","1020000044","1","12081123151","12081121188","9700","Rent Payment","2016-01-09,13:22"
"1520000045","1020000045","1","12081123181","12081124118","7900","Rent Payment","2016-01-04,09:24"
"1520000046","1020000046","1","12081123269","12081122284","12500","Rent Payment","2016-01-04,12:48"
"1520000047","1020000047","1","12081123299","12081121299","10800","Rent Payment","2016-01-07,11:20"
"1520000048","1020000048","1","12081123388","12081112877","8700","Rent Payment","2016-01-08,09:29"
"1520000049","1020000049","1","12081123428","12081122753","11200","Rent Payment","2016-01-04,13:10"
"1520000050","1020000050","1","12081123517","12081114159","9700","Rent Payment","2016-01-07,09:10"
"1520000051","1020000051","1","12081123547","12081114484","8200","Rent Payment","2016-01-04,12:31"
"1520000052","1020000052","1","12081123636","12081112216","8000","Rent Payment","2016-01-04,11:48"
"1520000053","1020000053","1","12081123666","12081114591","7900","Rent Payment","2016-01-07,11:49"
"1520000054","1020000054","1","12081123785","12081117616","8700","Rent Payment","2016-01-05,09:37"
"1520000055","1020000055","1","12081123874","12081114557","10700","Rent Payment","2016-01-08,08:01"
"1520000056","1020000056","1","12081123914","12081124592","10600","Rent Payment","2016-01-04,11:46"
"1520000057","1020000057","1","12081123993","12081115855","13200","Rent Payment","2016-01-08,08:47"
"1520000058","1020000058","1","12081124133","12081117133","11300","Rent Payment","2016-01-10,08:45"
"1520000059","1020000059","1","12081124222","12081118539","10800","Rent Payment","2016-01-05,09:58"
"1520000060","1020000060","1","12081124252","12081113531","12000","Rent Payment","2016-01-08,11:45"
"1520000061","1020000061","1","12081124341","12081122881","12400","Rent Payment","2016-01-06,10:17"
"1520000062","1020000062","1","12081124371","12081111715","13400","Rent Payment","2016-01-09,08:15"
"1520000063","1020000063","1","12081124459","12081118416","8400","Rent Payment","2016-01-02,09:57"
"1520000064","1020000064","1","12081124489","12081117729","11500","Rent Payment","2016-01-08,10:26"
"1520000065","1020000065","1","12081124578","12081121835","12800","Rent Payment","2016-01-04,13:15"
"1520000066","1020000066","1","12081124618","12081114235","12100","Rent Payment","2016-01-07,12:13"
"1520000067","1020000067","1","12081124697","12081122139","9500","Rent Payment","2016-01-02,10:11"
"1520000068","1020000068","1","12081124737","12081114523","8800","Rent Payment","2016-01-01,10:59"
"1520000069","1020000069","1","12081124826","12081116458","7900","Rent Payment","2016-01-08,11:42"
"1560000001","1060000001","5","12081112743","","80","Varekjøp Einar Andreas Skjellerudsveen Oppland Dato 16.3 Kl 7.17","2016-03-16,07:17"
"1560000002","1060000002","5","12081112387","","70","Varekjøp EXPERT NORGE AS Akershus Dato 2.8 Kl 16.52","2016-08-02,16:52"
"1560000003","1060000003","5","12081117697","","36","Varekjøp HALSEN IDRETTSFORENING Vestfold Dato 5.4 Kl 11.27","2016-04-05,11:27"
"1560000004","1060000004","5","12081111254","","57","Varekjøp HOLTSMARK GOLF EIENDOMSSELSKAP AS Buskerud Dato 26.11 Kl 12.37","2016-11-26,12:37"
"1560000005","1060000005","5","12081117841","","81","Varekjøp Velferdskomiteen Delta Oslo Dato 6.4 Kl 12.33","2016-04-06,12:33"
"1560000006","1060000006","5","12081118883","","90","Varekjøp ANONYME NARKOMANE OMRÅDE ØST SERVICE KOMITE Oslo Dato 23.5 Kl 9.13","2016-05-23,09:13"
"1560000007","1060000007","5","12081117658","","79","Varekjøp Hk - 72 Sande Vestfold Dato 13.3 Kl 10.17","2016-03-13,10:17"
"1560000008","1060000008","5","12081117935","","41","Varekjøp SLEVIK INNEBANDYKLUBB Østfold Dato 20.5 Kl 10.25","2016-05-20,10:25"
"1560000009","1060000009","5","12081114337","","60","Varekjøp STEINKJER FOTBALLKLUBB Nord-Trøndelag Dato 11.9 Kl 14.44","2016-09-11,14:44"
"1560000010","1060000010","5","12081115963","","20","Varekjøp NÆRBØ IDRETTSLAG Rogaland Dato 5.3 Kl 19.23","2016-03-05,19:23"
"1560000011","1060000011","5","12081111969","","61","Varekjøp Extra-Nett As Rogaland Dato 24.12 Kl 16.1","2016-12-24,16:01"
"1560000012","1060000012","5","12081111438","","59","Varekjøp HEDRUM ORIENTERINGSLAG Vestfold Dato 7.3 Kl 13.41","2016-03-07,13:41"
"1560000013","1060000013","5","12081114811","","69","Varekjøp RANHEIM IDRETTSLAG Sør-Trøndelag Dato 15.6 Kl 14.47","2016-06-15,14:47"
"1560000014","1060000014","5","12081119875","","68","Varekjøp FRIDALEN SOKN Hordaland Dato 5.7 Kl 15.42","2016-07-05,15:42"
"1560000015","1060000015","5","12081118476","","89","Varekjøp Thor Ole Vold Nord-Trøndelag Dato 7.6 Kl 19.10","2016-06-07,19:10"
"1560000016","1060000016","5","12081121617","","35","Varekjøp TRANBY SKOLEKORPS Buskerud Dato 13.1 Kl 7.23","2016-01-13,07:23"
"1560000017","1060000017","5","12081112526","","86","Varekjøp Kjøkkelvik IL - Fotballgruppen Hordaland Dato 23.7 Kl 11.52","2016-07-23,11:52"
"1560000018","1060000018","5","12081115877","","46","Varekjøp RANHEIM IDRETTSLAG Sør-Trøndelag Dato 27.7 Kl 11.0","2016-07-27,11:00"
"1560000019","1060000019","5","12081113898","","21","Varekjøp QUIZMASTER LIV BOYE OKKENHAUG Nordland Dato 20.6 Kl 18.57","2016-06-20,18:57"
"1560000020","1060000020","5","12081113987","","57","Varekjøp MELINA IS MOHAMMAD HASSANI Akershus Dato 1.12 Kl 10.6","2016-12-01,10:06"
"1560000021","1060000021","5","12081113373","","42","Varekjøp ROMOLSLIA SPORTSKLUBB Sør-Trøndelag Dato 3.10 Kl 22.45","2016-10-03,22:45"
"1560000022","1060000022","5","12081123149","","33","Varekjøp Nordstrand sokn Oslo Dato 1.2 Kl 14.27","2016-02-01,14:27"
"1560000023","1060000023","5","12081122186","","64","Varekjøp Thai Food Takeaway Hans Solbakken Oslo Dato 25.10 Kl 18.9","2016-10-25,18:09"
"1560000024","1060000024","5","12081117216","","20","Varekjøp SANDVIKAREVYEN Akershus Dato 27.10 Kl 12.50","2016-10-27,12:50"
"1560000025","1060000025","5","12081111417","","77","Varekjøp GLASSVERKET IDRETTSFORENING Buskerud Dato 25.9 Kl 21.34","2016-09-25,21:34"
"1560000026","1060000026","5","12081113214","","43","Varekjøp OSLOSTUDENTENES IDRETTSKLUBB Oslo Dato 12.6 Kl 15.27","2016-06-12,15:27"
"1560000027","1060000027","5","12081112471","","85","Varekjøp Stortorvet Blomster As Akershus Dato 28.2 Kl 23.34","2016-02-28,23:34"
"1560000028","1060000028","5","12081123437","","30","Varekjøp NORDBERG SOKN Oslo Dato 8.6 Kl 16.47","2016-06-08,16:47"
"1560000029","1060000029","5","12081121575","","67","Varekjøp Holmen Hockey Akershus Dato 20.9 Kl 8.36","2016-09-20,08:36"
"1560000030","1060000030","5","12081117832","","33","Varekjøp Thor Ole Vold Nord-Trøndelag Dato 28.7 Kl 21.56","2016-07-28,21:56"
"1560000031","1060000031","5","12081122517","","80","Varekjøp TUNET INNEBANDYKLUBB Oslo Dato 12.11 Kl 12.8","2016-11-12,12:08"
"1560000032","1060000032","5","12081114975","","61","Varekjøp RYKKINN OG GULLHAUG SKOLEKORPS Akershus Dato 7.9 Kl 9.38","2016-09-07,09:38"
"1560000033","1060000033","5","12081122968","","25","Varekjøp HVAM IDRETTSLAG Akershus Dato 22.10 Kl 22.15","2016-10-22,22:15"
"1560000034","1060000034","5","12081117863","","71","Varekjøp HOLLUNGEN AS Østfold Dato 8.12 Kl 22.34","2016-12-08,22:34"
"1560000035","1060000035","5","12081111317","","55","Varekjøp Lefdal Elektromarked AS Akershus Dato 27.7 Kl 8.19","2016-07-27,08:19"
"1560000036","1060000036","5","12081124283","","60","Varekjøp Stathelle Og Omegn Idrettslag Telemark Dato 22.4 Kl 12.4","2016-04-22,12:04"
"1560000037","1060000037","5","12081114215","","88","Varekjøp BRAVO HÅNDBALLKLUBB Troms Dato 1.6 Kl 14.18","2016-06-01,14:18"
"1560000038","1060000038","5","12081114444","","22","Varekjøp BORGEN IDRETTSLAG Østfold Dato 20.10 Kl 14.56","2016-10-20,14:56"
"1560000039","1060000039","5","12081115922","","42","Varekjøp Røyken Kommune Buskerud Dato 15.6 Kl 9.11","2016-06-15,09:11"
"1560000040","1060000040","5","12081123638","","21","Varekjøp Studentunionen Høyskolen Kristiania Avd Trondheim Sør-Trøndelag Dato 8.4 Kl 13.21","2016-04-08,13:21"
"1560000041","1060000041","5","12081124548","","60","Varekjøp Son Håndballklubb Akershus Dato 27.4 Kl 21.11","2016-04-27,21:11"
"1560000042","1060000042","5","12081115949","","56","Varekjøp SVOLVÆR IDRETTSLAG Nordland Dato 10.3 Kl 20.42","2016-03-10,20:42"
"1560000043","1060000043","5","12081123918","","80","Varekjøp IMPANDE, GAMALAKHE FOUNDATION NORWAY Oslo Dato 25.10 Kl 8.6","2016-10-25,08:06"
"1560000044","1060000044","5","12081113496","","34","Varekjøp Søndre Land IL Fotball 5 Oppland Dato 26.11 Kl 7.17","2016-11-26,07:17"
"1560000045","1060000045","5","12081119742","","43","Varekjøp Fossefallet Supporterklubb Østfold Dato 23.9 Kl 18.35","2016-09-23,18:35"
"1560000046","1060000046","5","12081119271","","39","Varekjøp TOMA FACILITY SERVICES AS Hordaland Dato 22.5 Kl 15.10","2016-05-22,15:10"
"1560000047","1060000047","5","12081112669","","41","Varekjøp STJØRDAL HÅNDBALLKLUBB Nord-Trøndelag Dato 25.5 Kl 16.35","2016-05-25,16:35"
"1560000048","1060000048","5","12081112869","","73","Varekjøp Tine Sa Oslo Dato 23.9 Kl 7.20","2016-09-23,07:20"
"1560000049","1060000049","5","12081112324","","33","Varekjøp TORSHOV SPORT KLUBBSERVICE AS Oslo Dato 7.6 Kl 19.38","2016-06-07,19:38"
"1560000050","1060000050","5","12081116998","","79","Varekjøp Miljøhuset Gnisten As Akershus Dato 23.11 Kl 16.24","2016-11-23,16:24"
"1560000051","1060000051","5","12081123448","","22","Varekjøp Nettbuss Travel AS Oslo Dato 4.11 Kl 12.4","2016-11-04,12:04"
"1560000052","1060000052","5","12081113266","","88","Varekjøp BERGENS TURNFORENING Hordaland Dato 1.1 Kl 10.50","2016-01-01,10:50"
"1560000053","1060000053","5","12081115218","","36","Varekjøp IDRETTSLAGET RUNAR Vestfold Dato 23.6 Kl 20.19","2016-06-23,20:19"
"1560000054","1060000054","5","12081119587","","62","Varekjøp IDRETTSLAGET BJARG Hordaland Dato 26.2 Kl 7.45","2016-02-26,07:45"
"1560000055","1060000055","5","12081119662","","87","Varekjøp Medkila IL Troms Dato 23.7 Kl 14.0","2016-07-23,14:00"
"1560000056","1060000056","5","12081115223","","46","Varekjøp EIK IF TØNSBERG Vestfold Dato 8.6 Kl 15.58","2016-06-08,15:58"
"1560000057","1060000057","5","12081118669","","31","Varekjøp DET NORSKE MISJONSSELSKAP Rogaland Dato 17.12 Kl 11.41","2016-12-17,11:41"
"1560000058","1060000058","5","12081118666","","44","Varekjøp SKIPTVET IL Østfold Dato 23.6 Kl 16.28","2016-06-23,16:28"
"1560000059","1060000059","5","12081119132","","68","Varekjøp VESTFOLDMUSEENE IKS Vestfold Dato 4.3 Kl 15.7","2016-03-04,15:07"
"1560000060","1060000060","5","12081112233","","30","Varekjøp Misjonssambandet Salem Rogaland Dato 28.7 Kl 9.43","2016-07-28,09:43"
"1560000061","1060000061","5","12081118525","","30","Varekjøp NORGESBUSS EKSPRESS AS Akershus Dato 8.6 Kl 9.9","2016-06-08,09:09"
"1560000062","1060000062","5","12081116956","","90","Varekjøp DEADLINE EVENT AS Nordland Dato 25.6 Kl 13.27","2016-06-25,13:27"
"1560000063","1060000063","5","12081114761","","40","Varekjøp SOLA HÅNDBALLKLUBB Rogaland Dato 18.5 Kl 20.17","2016-05-18,20:17"
"1560000064","1060000064","5","12081111966","","86","Varekjøp RKE IDRETTSLAG FOTBALL Akershus Dato 11.3 Kl 12.56","2016-03-11,12:56"
"1560000065","1060000065","5","12081123554","","31","Varekjøp BOREAL TRAVEL AS Rogaland Dato 16.9 Kl 12.40","2016-09-16,12:40"
"1560000066","1060000066","5","12081122515","","40","Varekjøp SAFIN FRISØR BEZHAN SARDAR OMAR OMAR Østfold Dato 17.11 Kl 17.17","2016-11-17,17:17"
"1560000067","1060000067","5","12081115485","","40","Varekjøp BABYBANDEN AS Vest-Agder Dato 17.8 Kl 23.49","2016-08-17,23:49"
"1560000068","1060000068","5","12081122482","","87","Varekjøp Berskaughallen As Buskerud Dato 7.2 Kl 16.8","2016-02-07,16:08"
"1550000001","1050000001","4","12081114343","14081111136","550","VISA 4619095 Nok 550 COOP ØST SA","2016-03-10,09:22"
"1550000002","1050000002","4","12081115814","14081111127","330","VISA 8935735 Nok 330 FJELLESTAD LANDHANDLERI","2016-02-05,09:10"
"1550000003","1050000003","4","12081116237","14081111120","400","Master Card 3338913 Nok 400 COOP RØROS SA","2016-05-02,11:20"
"1550000004","1050000004","4","12081124754","14081111124","620","Master Card 9833476 Nok 620 EIMEALT AS","2016-03-05,12:13"
"1550000005","1050000005","4","12081112727","14081111122","380","Master Card 5413564 Nok 380 Chill Corporation","2016-03-08,13:48"
"1550000006","1050000006","4","12081112335","14081111137","720","VISA 6835235 Nok 720 Colosseum Kiosk AS","2016-05-06,08:08"
"1550000007","1050000007","4","12081113791","14081111121","440","VISA 9419471 Nok 440 YERBA MATE NORWAY AS","2016-02-08,08:18"
"1550000008","1050000008","4","12081112777","14081111126","380","Master Card 4557359 Nok 380 KUNCZYNSKA FOOD","2016-05-04,08:55"
"1550000009","1050000009","4","12081119447","14081111122","470","Master Card 5973662 Nok 470 Chill Corporation","2016-02-03,10:32"
"1550000010","1050000010","4","12081119334","14081111136","210","VISA 9941004 Nok 210 COOP ØST SA","2016-03-07,08:13"
"1550000011","1050000011","4","12081113431","14081111129","450","Master Card 2545051 Nok 450 Spirit of Norway AS","2016-04-04,08:16"
"1550000012","1050000012","4","12081112233","14081111120","660","VISA 8781942 Nok 660 COOP RØROS SA","2016-05-05,09:14"
"1550000013","1050000013","4","12081122799","14081111130","320","Master Card 4651931 Nok 320 Kiwi","2016-05-01,11:20"
"1550000014","1050000014","4","12081117933","14081111135","460","VISA 3047279 Nok 460 Joker Event AS","2016-02-06,11:08"
"1550000015","1050000015","4","12081118579","14081111134","580","VISA 7276468 Nok 580 Coop Vest Sa","2016-04-04,12:19"
"1550000016","1050000016","4","12081115931","14081111118","620","VISA 5429699 Nok 620 KOLONIAL.NO AS","2016-04-05,08:00"
"1550000017","1050000017","4","12081124264","14081111132","320","VISA 9928445 Nok 320 KAFFA AS","2016-05-02,10:27"
"1550000018","1050000018","4","12081113328","14081111125","240","Master Card 3834585 Nok 240 Sakura Sushi Hoong","2016-01-07,10:00"
"1550000019","1050000019","4","12081119897","14081111137","730","Master Card 3674397 Nok 730 Colosseum Kiosk AS","2016-03-05,12:58"
"1550000020","1050000020","4","12081117758","14081111119","470","Master Card 2303150 Nok 470 RED BULL NORWAY AS","2016-02-07,13:28"
"1550000021","1050000021","4","12081122579","14081111134","530","VISA 4988781 Nok 530 Coop Vest Sa","2016-04-04,08:33"
"1550000022","1050000022","4","12081116189","14081111132","400","Master Card 7118996 Nok 400 KAFFA AS","2016-02-10,12:05"
"1550000023","1050000023","4","12081113763","14081111137","520","Master Card 2439623 Nok 520 Colosseum Kiosk AS","2016-04-08,10:15"
"1550000024","1050000024","4","12081117945","14081111127","290","Master Card 6309811 Nok 290 FJELLESTAD LANDHANDLERI","2016-05-04,08:58"
"1550000025","1050000025","4","12081123155","14081111122","580","VISA 4153721 Nok 580 Chill Corporation","2016-03-03,12:18"
"1550000026","1050000026","4","12081118972","14081111134","800","VISA 8999268 Nok 800 Coop Vest Sa","2016-01-01,13:02"
"1550000027","1050000027","4","12081114266","14081111127","750","Master Card 8671287 Nok 750 FJELLESTAD LANDHANDLERI","2016-03-01,08:33"
"1550000028","1050000028","4","12081111247","14081111124","710","Master Card 3509861 Nok 710 EIMEALT AS","2016-03-06,13:10"
"1550000029","1050000029","4","12081118342","14081111135","420","VISA 2924896 Nok 420 Joker Event AS","2016-04-03,08:40"
"1550000030","1050000030","4","12081121696","14081111130","360","VISA 8105601 Nok 360 Kiwi","2016-05-07,12:08"
"1550000031","1050000031","4","12081121654","14081111122","550","VISA 6979985 Nok 550 Chill Corporation","2016-02-07,10:55"
"1550000032","1050000032","4","12081113128","14081111124","430","Master Card 3866560 Nok 430 EIMEALT AS","2016-04-07,10:35"
"1550000033","1050000033","4","12081119792","14081111127","510","VISA 8882878 Nok 510 FJELLESTAD LANDHANDLERI","2016-03-10,13:19"
"1550000034","1050000034","4","12081113532","14081111130","800","Master Card 8952258 Nok 800 Kiwi","2016-03-03,13:32"
"1550000035","1050000035","4","12081121213","14081111118","520","Master Card 6304919 Nok 520 KOLONIAL.NO AS","2016-04-03,12:10"
"1550000036","1050000036","4","12081113887","14081111134","740","Master Card 3624431 Nok 740 Coop Vest Sa","2016-04-07,12:36"
"1550000037","1050000037","4","12081117686","14081111129","420","VISA 9671903 Nok 420 Spirit of Norway AS","2016-03-03,12:46"
"1550000038","1050000038","4","12081117739","14081111135","730","VISA 6979841 Nok 730 Joker Event AS","2016-04-08,08:14"
"1550000039","1050000039","4","12081116934","14081111136","690","VISA 9058974 Nok 690 COOP ØST SA","2016-05-02,12:27"
"1550000040","1050000040","4","12081114714","14081111124","110","Master Card 9921559 Nok 110 EIMEALT AS","2016-03-03,12:26"
"1550000041","1050000041","4","12081116517","14081111134","160","Master Card 7299457 Nok 160 Coop Vest Sa","2016-02-10,10:26"
"1550000042","1050000042","4","12081114786","14081111131","320","VISA 9986693 Nok 320 Rema 1000","2016-05-07,13:33"
"1550000043","1050000043","4","12081111484","14081111127","400","Master Card 9217742 Nok 400 FJELLESTAD LANDHANDLERI","2016-02-07,11:06"
"1550000044","1050000044","4","12081117628","14081111124","670","Master Card 3766240 Nok 670 EIMEALT AS","2016-02-05,10:10"
"1550000045","1050000045","4","12081123624","14081111118","390","Master Card 9165007 Nok 390 KOLONIAL.NO AS","2016-03-08,11:28"
"1550000046","1050000046","4","12081121396","14081111127","250","Master Card 4337800 Nok 250 FJELLESTAD LANDHANDLERI","2016-01-09,09:05"
"1550000047","1050000047","4","12081119773","14081111118","340","VISA 9522143 Nok 340 KOLONIAL.NO AS","2016-03-06,11:39"
"1550000048","1050000048","4","12081118833","14081111134","690","Master Card 6343768 Nok 690 Coop Vest Sa","2016-01-10,10:20"
"1550000049","1050000049","4","12081115732","14081111123","740","Master Card 7740459 Nok 740 J H STERRI EFTF AS","2016-01-06,12:52"
"1550000050","1050000050","4","12081118845","14081111136","230","Master Card 3031800 Nok 230 COOP ØST SA","2016-04-07,13:45"
"1550000051","1050000051","4","12081117438","14081111129","700","Master Card 3986870 Nok 700 Spirit of Norway AS","2016-01-01,08:28"
"1550000052","1050000052","4","12081113497","14081111122","210","VISA 4970095 Nok 210 Chill Corporation","2016-02-02,11:13"
"1550000053","1050000053","4","12081114948","14081111125","330","Master Card 9523973 Nok 330 Sakura Sushi Hoong","2016-02-10,11:56"
"1550000054","1050000054","4","12081122758","14081111125","160","Master Card 2480720 Nok 160 Sakura Sushi Hoong","2016-04-06,12:28"
"1550000055","1050000055","4","12081111945","14081111122","350","VISA 8132710 Nok 350 Chill Corporation","2016-03-09,10:10"
"1550000056","1050000056","4","12081121245","14081111120","300","Master Card 6880932 Nok 300 COOP RØROS SA","2016-02-08,08:39"
"1550000057","1050000057","4","12081117275","14081111128","410","VISA 9637836 Nok 410 CC DAGLIGVARE AS","2016-05-04,08:25"
"1550000058","1050000058","4","12081122577","14081111136","440","Master Card 2936255 Nok 440 COOP ØST SA","2016-03-05,13:03"
"1550000059","1050000059","4","12081115554","14081111125","520","VISA 6988839 Nok 520 Sakura Sushi Hoong","2016-02-02,11:14"
"1550000060","1050000060","4","12081118153","14081111135","560","Master Card 5014614 Nok 560 Joker Event AS","2016-04-07,12:37"
"1550000061","1050000061","4","12081111961","14081111128","770","Master Card 9856509 Nok 770 CC DAGLIGVARE AS","2016-01-08,11:09"
"1550000062","1050000062","4","12081113422","14081111126","710","Master Card 6507347 Nok 710 KUNCZYNSKA FOOD","2016-01-05,09:43"
"1550000063","1050000063","4","12081117473","14081111132","380","VISA 9627714 Nok 380 KAFFA AS","2016-02-01,11:24"
"1550000064","1050000064","4","12081111597","14081111137","220","Master Card 2851848 Nok 220 Colosseum Kiosk AS","2016-01-06,12:57"
"1550000065","1050000065","4","12081112637","14081111131","430","VISA 9274467 Nok 430 Rema 1000","2016-04-06,10:14"
"1550000066","1050000066","4","12081122312","14081111128","280","Master Card 2049982 Nok 280 CC DAGLIGVARE AS","2016-05-02,13:30"
"1550000067","1050000067","4","12081123721","14081111126","320","VISA 7199535 Nok 320 KUNCZYNSKA FOOD","2016-01-03,12:43"
"1550000068","1050000068","4","12081121733","14081111134","130","VISA 3436884 Nok 130 Coop Vest Sa","2016-01-04,13:04"
"1550000069","1050000069","4","12081116462","14081111121","420","VISA 3797925 Nok 420 YERBA MATE NORWAY AS","2016-03-10,10:14"
"1550000070","1050000070","4","12081113837","14081111130","420","Master Card 2245557 Nok 420 Kiwi","2016-04-04,08:35"
"1550000071","1050000071","4","12081111544","14081111127","750","VISA 3286085 Nok 750 FJELLESTAD LANDHANDLERI","2016-03-05,09:46"
"1550000072","1050000072","4","12081123756","14081111135","210","VISA 6146467 Nok 210 Joker Event AS","2016-04-01,08:34"
"1550000073","1050000073","4","12081113769","14081111137","390","Master Card 9680340 Nok 390 Colosseum Kiosk AS","2016-04-07,10:50"
"1550000074","1050000074","4","12081121468","14081111128","400","Master Card 5293533 Nok 400 CC DAGLIGVARE AS","2016-03-07,09:46"
"1550000075","1050000075","4","12081123686","14081111128","660","VISA 4043891 Nok 660 CC DAGLIGVARE AS","2016-01-07,08:20"
"1550000076","1050000076","4","12081119758","14081111130","430","Master Card 4316139 Nok 430 Kiwi","2016-04-09,09:04"
"1550000077","1050000077","4","12081112614","14081111128","480","VISA 5191529 Nok 480 CC DAGLIGVARE AS","2016-01-04,09:50"
"1550000078","1050000078","4","12081119494","14081111137","570","Master Card 7657211 Nok 570 Colosseum Kiosk AS","2016-03-09,09:56"
"1550000079","1050000079","4","12081111911","14081111132","600","VISA 4934804 Nok 600 KAFFA AS","2016-03-02,12:12"
"1550000080","1050000080","4","12081114612","14081111132","170","Master Card 7602022 Nok 170 KAFFA AS","2016-02-04,10:47"
"1550000081","1050000081","4","12081114744","14081111132","770","VISA 4021377 Nok 770 KAFFA AS","2016-05-09,09:25"
"1550000082","1050000082","4","12081115331","14081111134","700","Master Card 2283393 Nok 700 Coop Vest Sa","2016-05-03,08:10"
"1550000083","1050000083","4","12081122672","14081111136","330","Master Card 8748218 Nok 330 COOP ØST SA","2016-02-08,13:21"
"1550000084","1050000084","4","12081121154","14081111129","550","VISA 4046763 Nok 550 Spirit of Norway AS","2016-02-08,08:27"
"1550000085","1050000085","4","12081116636","14081111119","650","Master Card 6799999 Nok 650 RED BULL NORWAY AS","2016-05-05,11:26"
"1550000086","1050000086","4","12081116392","14081111119","330","Master Card 4178560 Nok 330 RED BULL NORWAY AS","2016-02-09,13:51"
"1550000087","1050000087","4","12081122539","14081111118","430","VISA 3151192 Nok 430 KOLONIAL.NO AS","2016-05-07,13:57"
"1550000088","1050000088","4","12081117871","14081111131","790","VISA 2718858 Nok 790 Rema 1000","2016-03-05,11:57"
"1550000089","1050000089","4","12081118783","14081111132","610","Master Card 2270158 Nok 610 KAFFA AS","2016-05-10,11:32"
"1550000090","1050000090","4","12081123761","14081111124","630","VISA 3169920 Nok 630 EIMEALT AS","2016-05-10,11:59"
"1550000091","1050000091","4","12081115292","14081111124","700","VISA 8702880 Nok 700 EIMEALT AS","2016-05-10,13:38"
"1550000092","1050000092","4","12081115744","14081111131","550","Master Card 6961075 Nok 550 Rema 1000","2016-05-05,10:01"
"1550000093","1050000093","4","12081121957","14081111137","400","Master Card 8736605 Nok 400 Colosseum Kiosk AS","2016-02-07,11:45"
"1550000094","1050000094","4","12081124713","14081111136","560","Master Card 2165461 Nok 560 COOP ØST SA","2016-04-08,12:33"
"1550000095","1050000095","4","12081119859","14081111136","530","VISA 5255118 Nok 530 COOP ØST SA","2016-01-04,10:51"
"1550000096","1050000096","4","12081113463","14081111127","150","Master Card 8308272 Nok 150 FJELLESTAD LANDHANDLERI","2016-01-06,13:11"
"1550000097","1050000097","4","12081113177","14081111132","130","Master Card 9391882 Nok 130 KAFFA AS","2016-02-10,12:32"
"1550000098","1050000098","4","12081115494","14081111122","790","Master Card 6166952 Nok 790 Chill Corporation","2016-01-01,12:48"
"1550000099","1050000099","4","12081113197","14081111120","440","VISA 2131777 Nok 440 COOP RØROS SA","2016-05-06,12:02"
"5122165513","7522165513","3","12081123262","0","900","Uttak i Automat NOR51182Rodelokka ATM     Oslo  DNB Bank ASA","2016-01-04,09:24"
"5122165514","7522165514","3","12081123381","0","900","Uttak i Automat NOR51182Rodelokka ATM     Oslo  DNB Bank ASA","2016-01-04,12:48"
"5122165515","7522165515","3","12081123499","0","900","Uttak i Automat NOR51182Rodelokka ATM     Oslo  DNB Bank ASA","2016-01-07,11:20"
"5122165516","7522165516","3","12081123628","0","900","Uttak i Automat NOR51182Rodelokka ATM     Oslo  DNB Bank ASA","2016-01-08,09:29"
"5122165517","7522165517","3","12081123747","0","900","Uttak i Automat NOR51182Rodelokka ATM     Oslo  DNB Bank ASA","2016-01-04,13:10"
"5122165518","7522165518","3","12081123866","0","500","Uttak i Automat NOR51182Rodelokka ATM     Oslo  DNB Bank ASA","2016-01-07,09:10"
"5122165519","7522165519","3","12081123985","0","500","Uttak i Automat NOR51182Rodelokka ATM     Oslo  DNB Bank ASA","2016-01-04,12:31"
"5122165521","7522165521","3","12081124214","0","500","Uttak i Automat NOR51182Rodelokka ATM     Oslo  DNB Bank ASA","2016-01-04,11:48"
"5122165522","7522165522","3","12081124333","0","500","Uttak i Automat NOR51182Rodelokka ATM     Oslo  DNB Bank ASA","2016-01-07,11:49"
"5122165523","7522165523","3","12081124452","0","500","Uttak i Automat NOR51182Rodelokka ATM     Oslo  DNB Bank ASA","2016-01-05,09:37"
"5122165524","7522165524","3","12081124571","0","500","Uttak i Automat NOR51182Rodelokka ATM     Oslo  DNB Bank ASA","2016-01-08,08:01"
"5122165525","7522165525","3","12081124689","0","1000","Uttak i Automat NOR51182Rodelokka ATM     Oslo  DNB Bank ASA","2016-01-04,11:46"
"5122165526","7522165526","3","12081124818","0","1000","Uttak i Automat NOR51182Rodelokka ATM     Oslo  DNB Bank ASA","2016-01-08,08:47"
"5122165527","7522165527","3","14081111128","0","1000","Uttak i Automat NOR51182Rodelokka ATM     Oslo  DNB Bank ASA","2016-01-10,08:45"
"5122165528","7522165528","3","14081111247","0","1000","Uttak i Automat NOR51115   CC Vest Senter ATM","2016-01-05,09:58"
"5122165529","7522165529","3","14081111366","0","1000","Uttak i Automat NOR51115   CC Vest Senter ATM","2016-01-08,11:45"
"5122165531","7522165531","3","14081111485","0","1000","Uttak i Automat NOR51115   CC Vest Senter ATM","2016-01-06,10:17"
"5122165532","7522165532","3","14081111614","0","1000","Uttak i Automat NOR51115   CC Vest Senter ATM","2016-01-09,08:15"
"5122165533","7522165533","3","12081111226","0","1000","Uttak i Automat NOR51115   CC Vest Senter ATM","2016-01-02,09:57"
"5122165534","7522165534","3","12081111345","0","1000","Uttak i Automat NOR51115   CC Vest Senter ATM","2016-01-08,10:26"
"5122165535","7522165535","3","12081111464","0","1000","Uttak i Automat NOR51115   CC Vest Senter ATM","2016-01-04,13:15"
"5122165536","7522165536","3","12081111583","0","1000","Uttak i Automat NOR51115   CC Vest Senter ATM","2016-01-07,12:13"
"5122165537","7522165537","3","12081111712","0","1000","Uttak i Automat NOR51115   CC Vest Senter ATM","2016-01-02,10:11"
"5122165538","7522165538","3","12081111831","0","1000","Uttak i Automat NOR51115   CC Vest Senter ATM","2016-01-01,10:59"
"5122165539","7522165539","3","12081111949","0","1000","Uttak i Automat NOR51115   CC Vest Senter ATM","2016-01-08,11:42"
"5122165541","7522165541","3","12081112168","0","1000","Uttak i Automat NOR51115   CC Vest Senter ATM","2016-03-16,07:17"
"5122165542","7522165542","3","12081112287","0","1000","Uttak i Automat NOR51115   CC Vest Senter ATM","2016-08-02,16:52"
"5122165543","7522165543","3","12081112416","0","1000","Uttak i Automat NOR51115   CC Vest Senter ATM","2016-04-05,11:27"
"5122165544","7522165544","3","12081112535","0","100","Uttak i Automat NOR51115   CC Vest Senter ATM","2016-11-26,12:37"
"5122165545","7522165545","3","12081112654","0","100","Uttak i Automat NOR51115   CC Vest Senter ATM","2016-04-06,12:33"
"","","","","","","",""
"","","","","","","",""
"","","","","","","",""
"","","","","","","",""
"","","","","","","",""
"","","","","","","",""
"","","","","","","",""
"","","","","","","",""
"","","","","","","",""
"","","","","","","",""
"","","","","","","",""
"","","","","","","",""
"","","","","","","",""
"","","","","","","",""
"","","","","","","",""
"","","","","","","",""
"","","","","","","",""
"","","","","","","",""
"","","","","","","",""
"","","","","","","",""
"","","","","","","",""
"","","","","","","",""
"","","","","","","",""
"","","","","","","",""
"","","","","","","",""
"","","","","","","",""
"","","","","","","",""
"","","","","","","",""
"","","","","","","",""
"","","","","","","",""
"","","","","","","",""
"","","","","","","",""
"","","","","","","",""
"","","","","","","",""
"","","","","","","",""
"","","","","","","",""
"","","","","","","",""
